{
    "project": {
        "info": {
            "name": "Token",
            "title": "ERC-20"
        }
    },
    "environments": [
        {
            "name": "browser"
        },
        {
            "name": "custom"
        },
        {
            "name": "rinkeby"
        },
        {
            "name": "ropsten"
        },
        {
            "name": "kovan"
        },
        {
            "name": "infuranet"
        },
        {
            "name": "mainnet"
        }
    ],
    "contracts": [
        {
            "name": "TokenERC20",
            "source": "/contracts/TokenERC20.sol",
            "args": [
                {
                    "value": "1000"
                },
                {
                    "value": "SuperCoin"
                },
                {
                    "value": "SC"
                }
            ]
        }
    ],
    "wallets": [
        {
            "name": "development",
            "desc": "This is a wallet for local development"
        },
        {
            "name": "private",
            "desc": "A private wallet"
        },
        {
            "name": "external",
            "desc": "External wallet integrating with Metamask and other compatible wallets",
            "type": "external"
        }
    ],
    "accounts": [
        {
            "name": "Default",
            "_environments": [
                {
                    "name": "browser",
                    "data": {
                        "wallet": "development",
                        "index": 0
                    }
                },
                {
                    "name": "custom",
                    "data": {
                        "wallet": "private",
                        "index": 0
                    }
                },
                {
                    "name": "rinkeby",
                    "data": {
                        "wallet": "external",
                        "index": 0
                    }
                },
                {
                    "name": "ropsten",
                    "data": {
                        "wallet": "external",
                        "index": 0
                    }
                },
                {
                    "name": "kovan",
                    "data": {
                        "wallet": "external",
                        "index": 0
                    }
                },
                {
                    "name": "infuranet",
                    "data": {
                        "wallet": "external",
                        "index": 0
                    }
                },
                {
                    "name": "mainnet",
                    "data": {
                        "wallet": "external",
                        "index": 0
                    }
                }
            ]
        }
    ]
}